code,system
C10E400,readv2
C108412,readv2
C10E411,readv2
C108411,readv2
C10E412,readv2
C10EP11,readv2
C10EP00,readv2
C10EM00,readv2
C10EM11,readv2
C108A11,readv2
C10EA11,readv2
C10EA00,readv2
C10EC11,readv2
C10EC12,readv2
C10EC00,readv2
C108C00,readv2
C10E112,readv2
C10E111,readv2
C108112,readv2
C108100,readv2
C10E100,readv2
C108012,readv2
C108000,readv2
C10E000,readv2
C108011,readv2
C10E011,readv2
C10E012,readv2
C10ED12,readv2
C108D00,readv2
C108D11,readv2
C10ED00,readv2
C10E711,readv2
C10E712,readv2
C10E700,readv2
C108711,readv2
C108712,readv2
C108700,readv2
C108812,readv2
C108811,readv2
C10E811,readv2
C10E800,readv2
C10E812,readv2
C108800,readv2
C108A00,readv2
C10E.12,readv2
C108.11,readv2
C100011,readv2
C10EA12,readv2
C108.00,readv2
C10E311,readv2
C108311,readv2
C108300,readv2
C10E312,readv2
C10E300,readv2
C10EJ00,readv2
C108J00,readv2
C108J12,readv2
C108J11,readv2
C108H00,readv2
C10EH00,readv2
C108H11,readv2
C10E200,readv2
C108212,readv2
C10E212,readv2
C108200,readv2
C108211,readv2
C10E612,readv2
C108600,readv2
C10E600,readv2
C10E611,readv2
C108B00,readv2
C108B11,readv2
C10EB00,readv2
C10EQ11,readv2
C10EQ00,readv2
C10E511,readv2
C10E500,readv2
C108512,readv2
C108511,readv2
C108500,readv2
C10E512,readv2
C10EK00,readv2
C10EF12,readv2
C108F12,readv2
C10EF00,readv2
C108F00,readv2
C108F11,readv2
C10EL00,readv2
C10EL11,readv2
C10EE12,readv2
C108E11,readv2
C10EE00,readv2
C108E12,readv2
C108E00,readv2
C10E.00,readv2
C108.13,readv2
C108911,readv2
C10E.11,readv2
C108.12,readv2
C10EN11,readv2
C10EN00,readv2
C10EG00,readv2
C108G00,readv2